{
    "answers": {
        "phase": "coding",
        "action": "dev-ops",
        "scope": "code management actions",
        "action experience": "fair",
        "prog lang": "n/a",
        "other prog lang": "<fill in>",
        "tool": "chat gpt 3.x",
        "other tool": "<fill in>",
        "tool option": "free",
        "tool experience": "enough",
        "time allocated (h)": "0.1",
        "time saved estimate (h)": "1", 
        "quality of ai help":  "major modifications needed",
        "generic feeling": "great as-is",
        "notes": "<fill in>"
    }
}