{
    "answers": {
        "phase": "coding",
        "action": "code management",
        "scope": "api",
        "action experience": "fair",
        "prog lang": "js-node",
        "other prog lang": "<fill in>",
        "tool": "chat gpt 3.x",
        "other tool": "<fill in>",
        "tool option": "free",
        "tool experience": "enough",
        "time allocated (h)": "0.1",
        "time saved estimate (h)": "2", 
        "quality of ai help": "ready-to-use",
        "generic feeling": "great in the future",
        "notes": "<fill in>"
    }
}