{
    "answers": {
        "phase": "design",
        "action": "design decision",
        "scope": "uml sequence",
        "action experience": "little",
        "prog lang": "sql",
        "other prog lang": "<fill in>",
        "tool": "chat gpt 3.x",
        "other tool": "<fill in>",
        "tool option": "free",
        "tool experience": "some",
        "time allocated (h)": "1",
        "time saved estimate (h)": "0.5", 
        "quality of ai help": "major modifications needed",
        "generic feeling": "needs work",
        "notes": "<fill in>"
    }
}