{
    "answers": {
        "phase": "coding",
        "action": "architectural decision",
        "scope": "cli",
        "action experience": "little",
        "prog lang": "js-node",
        "other prog lang": "<fill in>",
        "tool": "chat gpt 3.x",
        "other tool": "<fill in>",
        "tool option": "free",
        "tool experience": "some",
        "time allocated (h)": "0.5",
        "time saved estimate (h)": "2", 
        "quality of ai help": "ready-to-use", 
        "generic feeling": "great in the future",
        "notes": "<fill in>"
    }
}