{
    "answers": {
        "phase": "architecture",
        "action": "architectural decision",
        "scope": "api",
        "action experience": "little",
        "prog lang": "n/a",
        "other prog lang": "<fill in>",
        "tool": "bard",
        "other tool": "<fill in>",
        "tool option": "free",
        "tool experience": "some",
        "time allocated (h)": "0.1",
        "time saved estimate (h)": "1.5", 
        "quality of ai help": "minor modifications needed",
        "generic feeling": "great in the future",
        "notes": "<fill in>"
    }
}