{
    "answers": {
        "phase": "coding",
        "action": "problem understanding",
        "scope": "frontend",
        "action experience":  "none",
        "prog lang": "other",
        "other prog lang": "tsx",
        "tool": "chat gpt 3.x",
        "other tool": "<fill in>",
        "tool option": "free",
        "tool experience": "enough",
        "time allocated (h)": "1",
        "time saved estimate (h)": "3", 
        "quality of ai help": "major modifications needed",
        "generic feeling": "needs work",
        "notes": "the version of next js that i needed the code to be in wasnt available information for chat GPT so I had to modify the code and i had to visit the Next.js documentation"
    }
}