{
    "answers": {
        "phase": "architecture",
        "action": "code management",
        "scope": "code management actions",
        "action experience": "fair",
        "prog lang": "n/a",
        "other prog lang": "<fill in>",
        "tool": "chat gpt 3.x",
        "other tool": "<fill in>",
        "tool option": "free",
        "tool experience": "enough",
        "time allocated (h)": "0.5",
        "time saved estimate (h)": "2.5", 
        "quality of ai help":  "major modifications needed",
        "generic feeling": "needs work",
        "notes": "<fill in>"
    }
}