{
    "answers": {
        "phase": "requirements specification",
        "action": "problem understanding",
        "scope": "uml deployment",
        "action experience": "little",
        "prog lang": "n/a",
        "other prog lang": "<fill in>",
        "tool": "other",
        "other tool": "Bing AI",
        "tool option": "free",
        "tool experience": "enough",
        "time allocated (h)": "0.1",
        "time saved estimate (h)": "1", 
        "quality of ai help": "minor modifications needed",
        "generic feeling": "great in the future",
        "notes": "helped me understand the material better."
    }
}